Section,Biological Sex,GPA,Religious_Importance,Miss_Class,Seating,Monthly_Parties,Drinking_Days,Weekly_Study,Smoke_Cigarettes,Drive_Influenced,Drinks_per_Occasion,Uncommitted_Sex,Ever_Cheat,Divulge_Cheating,SATM,SATV,Height,Weight,Book_Cost,Daily_Smokes,Try_Weed,Weekly_High,Approve_Same_Sex,Date_Different_Race
Section 13,Male,2.67,Very Important,1,Middle,1,0,15,No,No,0,No,No,Never cheated,700,700,67,190,250,None,No,Do not get high,No,Yes
Section 13,Female,2.98,Fairly Important,3,Middle,2,0,8,No,No,1_2,Yes,No,Never cheated,700,500,54,110,400,None,No,Do not get high,Yes,Yes
Section 13,Female,2.67,Fairly Important,1,Middle,3,2,3,No,No,3_4,Yes,No,Never cheated,470,470,65,225,300,None,No,Do not get high,Yes,Yes
Section 13,Female,3.6,Not Important,0,Middle,8,8,8,No,No,3_4,No,No,Never cheated,710,560,52,135,400,None,Yes,1 to 2,Yes,Yes
Section 13,Female,3.76,Fairly Important,0,Back,6,6,12,No,No,1_2,No,No,Never cheated,600,520,72,128,200,None,No,Do not get high,Yes,Yes
Section 13,Male,3.86,Not Important,0,Middle,5,7,20,No,No,3_4,Yes,No,Never cheated,610,720,70,188,505,None,No,Do not get high,Yes,Yes
Section 13,Male,3.94,Fairly Important,0,Back,4,8,15,No,No,5_6,Yes,No,Never cheated,710,670,70,155,550,None,Yes,1 to 2,No,Yes
Section 13,Male,2.8,Very Important,2,Middle,10,12,5,Yes,Yes,9 or more,Yes,No,Never cheated,610,580,68,160,350,Less than half a pack,Yes,Do not get high,Yes,Yes
Section 13,Male,3.48,Very Important,0,Front,3,4,12,No,No,3_4,No,No,Never cheated,690,620,72,160,500,None,No,Do not get high,No,Yes
Section 13,Female,3.8,Fairly Important,0,Middle,4,5,10,No,No,3_4,No,No,Never cheated,580,540,52,117,200,None,Yes,1 to 2,Yes,Yes
Section 13,Female,3.67,Fairly Important,0,Front,0,0,20,Yes,No,3_4,Yes,No,Never cheated,690,690,64,120,250,Less than half a pack,No,Do not get high,Yes,Yes
Section 13,Female,3.7,Very Important,0,Middle,0,4,8,No,No,1_2,No,No,Never cheated,,,65,130,100,None,No,Do not get high,No,Yes
Section 14,Female,2,Fairly Important,1,Middle,4,8,10,No,No,5_6,Yes,No,Never cheated,450,580,65,120,100,None,No,Do not get high,Yes,Yes
Section 13,Female,4,Fairly Important,0,Middle,8,8,12,No,Yes,3_4,No,Yes,No,700,700,67,125,450,None,Yes,Do not get high,Yes,Yes
Section 14,Female,3.55,Very Important,0,Front,0,0,15,No,No,0,No,No,Never cheated,400,600,62,129,400,None,No,Do not get high,No,Yes
Section 14,Male,3.3,Not Important,2,Middle,12,12,20,No,Yes,9 or more,Yes,No,Never cheated,640,600,70,165,400,None,Yes,1 to 2,No,No
Section 14,Male,3.38,Very Important,2,Middle,3,3,5,No,Yes,9 or more,Yes,Yes,No,720,580,68,165,400,None,Yes,Do not get high,No,Yes
Section 13,Female,3.5,Very Important,0,Front,5,3,30,No,No,3_4,No,Yes,Yes,600,750,68,125,250,None,No,Do not get high,No,Yes
Section 14,Male,3.7,Fairly Important,0,Middle,1,7,12,No,No,1_2,No,Yes,No,600,720,65,180,350,None,No,Do not get high,Yes,Yes
Section 14,Female,3.2,Fairly Important,3,Front,8,12,10,No,No,5_6,No,No,Never cheated,600,630,68,160,320,None,No,Do not get high,No,Yes
Section 14,Male,2.86,Not Important,0,Front,0,0,14,No,No,0,No,No,Never cheated,600,300,65,135,400,None,No,Do not get high,Yes,No
Section 15,Male,3,Not Important,5,Middle,15,21,2,No,Yes,9 or more,Yes,No,Never cheated,670,630,73,168,100,None,Yes,6 to 8,Yes,Yes
Section 15,Female,3.88,Very Important,0,Middle,9,9,8,No,No,3_4,No,No,Never cheated,670,680,65,130,300,None,No,Do not get high,No,No
Section 15,Male,3.51,Fairly Important,0,Middle,5,3,10,No,Yes,3_4,No,No,Never cheated,600,730,72,170,140,None,No,Do not get high,Yes,Yes
Section 15,Female,3,Fairly Important,2,Middle,12,14,6,Yes,No,5_6,Yes,Yes,Yes,560,680,63,110,300,Half a pack to a full pack,Yes,1 to 2,Yes,Yes
Section 15,Female,2.8,Fairly Important,0,Middle,5,4,35,No,No,3_4,Yes,Yes,Yes,560,560,63,155,450,None,Yes,1 to 2,Yes,Yes
Section 15,Male,3.36,Fairly Important,0,Middle,10,15,15,No,No,3_4,No,Yes,Never cheated,550,600,68,155,400,None,No,Do not get high,No,Yes
Section 15,Male,4,Very Important,0,Middle,4,1,6,No,No,0,No,No,Never cheated,610,600,73,160,400,None,No,Do not get high,No,Yes
Section 15,Male,3.5,Fairly Important,2,Back,10,12,10,No,No,9 or more,Yes,No,Never cheated,680,680,69,155,450,None,Yes,Do not get high,Yes,Yes
Section 15,Female,3.36,Very Important,0,Middle,2,2,12,No,No,3_4,Yes,Yes,No,450,450,54,120,200,None,Yes,Do not get high,No,No
Section 16,Female,3.75,Fairly Important,0,Middle,14,20,10,No,Yes,5_6,Yes,Yes,No,640,620,70,132,410,Less than half a pack,Yes,1 to 2,Yes,Yes
Section 15,Male,2.1,Very Important,1,Front,8,30,20,Yes,Yes,9 or more,Yes,No,Yes,300,400,62,200,600,Half a pack to a full pack,Yes,3 to 5,Yes,Yes
Section 16,Female,3.3,Fairly Important,0,Middle,15,15,5,No,No,7_8,No,No,Never cheated,650,600,64,155,200,None,No,Do not get high,Yes,Yes
Section 16,Male,3.53,Not Important,4,Back,1,2,2,No,Yes,7_8,No,No,Never cheated,670,630,70,170,400,None,Yes,3 to 5,Yes,Yes
Section 16,Female,3.61,Not Important,0,Middle,10,15,10,No,Yes,7_8,Yes,Yes,No,500,550,65,155,250,None,Yes,Do not get high,Yes,No
Section 16,Male,3.42,Fairly Important,0,Middle,12,25,10,No,No,3_4,No,No,Never cheated,530,760,72,175,480,None,Yes,1 to 2,Yes,Yes
Section 16,Female,3.3,Fairly Important,2,Middle,8,8,10,No,No,3_4,Yes,Yes,Yes,500,400,63,130,350,None,Yes,Do not get high,Yes,Yes
Section 15,Female,3.3,Not Important,5,Middle,3,4,10,No,No,5_6,No,Yes,Yes,680,650,67,123,300,None,Yes,Do not get high,Yes,Yes
Section 16,Female,3.02,Fairly Important,1,Front,2,2,6,No,No,1_2,No,No,Never cheated,560,560,64,125,400,None,No,Do not get high,Yes,Yes
Section 16,Female,2.2,Fairly Important,1,Middle,8,10,20,Yes,No,9 or more,Yes,No,Never cheated,,,68,140,300,Less than half a pack,Yes,1 to 2,Yes,Yes
Section 16,Male,3.16,Fairly Important,0,Middle,5,8,35,No,Yes,5_6,Yes,No,Never cheated,620,760,75,215,200,None,Yes,Do not get high,No,Yes
Section 16,Male,3.66,Not Important,1,Middle,13,18,6,No,Yes,7_8,No,No,Never cheated,640,640,68,185,160,None,Yes,1 to 2,Yes,Yes
Section 13,Female,2.89,Fairly Important,0,Front,6,6,30,No,No,1_2,No,No,Never cheated,590,640,63,130,350,None,Yes,Do not get high,Yes,Yes
Section 13,Female,3.7,Fairly Important,0,Middle,10,10,15,No,No,3_4,No,No,Never cheated,570,560,61,210,450,None,No,Do not get high,Yes,No
Section 13,Male,3.2,Not Important,0,Middle,2,0,12,No,No,0,Yes,No,Never cheated,680,710,68,145,310,None,No,Do not get high,Yes,No
Section 13,Female,3.42,Not Important,0,Middle,8,10,18,No,No,5_6,No,No,Never cheated,660,580,65,120,300,None,No,Do not get high,Yes,Yes
Section 13,Male,3.02,Very Important,1,Back,12,5,20,No,No,3_4,No,No,Never cheated,700,570,74,165,400,None,Yes,Do not get high,Yes,Yes
Section 14,Male,3.51,Not Important,0,Middle,8,8,10,No,No,5_6,Yes,No,Never cheated,650,590,74,182,450,None,Yes,1 to 2,No,Yes
Section 14,Male,2.41,Fairly Important,2,Middle,5,6,10,No,No,5_6,No,No,Never cheated,620,640,70,175,400,None,No,Do not get high,Yes,Yes
Section 14,Male,2.8,Fairly Important,0,Middle,3,1,7,No,No,5_6,Yes,No,Never cheated,450,450,68,170,300,None,No,Do not get high,No,No
Section 14,Female,2.65,Fairly Important,0,Front,8,6,25,No,No,3_4,No,Yes,Yes,650,550,65,135,330,None,No,Do not get high,Yes,Yes
Section 14,Female,3.7,Fairly Important,1,Middle,5,8,5,No,No,3_4,No,Yes,No,600,620,69,150,400,None,No,Do not get high,Yes,Yes
Section 15,Male,3.08,Very Important,1,Middle,1,0,20,No,No,3_4,No,Yes,No,420,490,75,184,450,None,No,Do not get high,Yes,Yes
Section 15,Male,2.2,Not Important,0,Middle,13,14,5,Yes,Yes,9 or more,Yes,No,Never cheated,630,580,73,230,327,Less than half a pack,Yes,3 to 5,Yes,Yes
Section 15,Female,3.76,Fairly Important,2,Middle,12,15,5,No,No,7_8,No,No,Never cheated,760,600,68,120,300,None,Yes,Do not get high,Yes,No
Section 15,Male,2.8,Fairly Important,0,Middle,3,3,20,No,No,3_4,Yes,No,Never cheated,600,500,69,165,200,None,No,Do not get high,No,Yes
Section 16,Female,3.3,Very Important,1,Middle,4,1,20,No,No,1_2,No,No,Never cheated,600,600,53,150,300,None,No,Do not get high,Yes,Yes
Section 15,Female,3.55,Fairly Important,2,Middle,12,13,5,No,Yes,7_8,Yes,Yes,No,585,590,67,143,500,None,Yes,1 to 2,Yes,Yes
Section 15,Male,3.72,Fairly Important,2,Front,6,6,5,No,Yes,7_8,Yes,No,Never cheated,800,750,72,175,300,None,Yes,More than 8,No,Yes
Section 16,Female,3.36,Not Important,0,Middle,10,10,6,No,Yes,9 or more,Yes,Yes,Yes,540,550,56,130,450,None,Yes,1 to 2,Yes,No
Section 16,Male,2.57,Very Important,1,Middle,10,10,17,No,No,1_2,No,No,Never cheated,680,550,69,195,300,None,Yes,Do not get high,No,Yes
Section 16,Male,3.76,Not Important,0,Middle,12,10,8,No,No,5_6,No,No,Never cheated,670,670,72,165,200,None,Yes,Do not get high,Yes,Yes
Section 16,Female,3.53,Very Important,0,Middle,10,12,10,No,Yes,5_6,No,No,Never cheated,560,590,66,135,450,None,No,Do not get high,Yes,Yes
Section 16,Male,2.7,Not Important,2,Middle,5,10,8,No,Yes,7_8,Yes,No,Never cheated,550,700,72,200,300,None,Yes,1 to 2,Yes,Yes
Section 16,Female,3.9,Fairly Important,0,Middle,14,16,20,No,No,3_4,No,No,Never cheated,575,600,63,113,225,None,No,Do not get high,No,Yes
Section 16,Female,2.25,Fairly Important,1,Middle,4,15,6,Yes,Yes,1_2,Yes,Yes,No,450,400,69,125,400,Less than half a pack,Yes,1 to 2,Yes,Yes
Section 13,Female,3.9,Very Important,0,Front,8,6,10,No,No,1_2,No,Yes,Yes,640,560,67,150,450,None,No,Do not get high,No,Yes
Section 13,Female,3.1,Fairly Important,0,Middle,8,8,20,No,No,3_4,No,No,Never cheated,550,610,68,132,400,None,No,Do not get high,Yes,Yes
Section 13,Female,3.3,Very Important,1,Back,8,8,40,No,No,3_4,No,Yes,No,600,490,68,140,400,None,Yes,Do not get high,No,Yes
Section 13,Male,3.76,Very Important,0,Middle,1,1,8,No,No,1_2,No,No,Never cheated,600,610,68,155,250,None,No,Do not get high,No,No
Section 13,Male,3.2,Fairly Important,1,Middle,10,15,9,No,Yes,9 or more,No,Yes,No,650,660,70,180,300,None,Yes,Do not get high,Yes,Yes
Section 14,Female,3.1,Not Important,0,Middle,4,4,15,No,No,3_4,Yes,Yes,Yes,570,570,64,133,800,None,No,Do not get high,Yes,Yes
Section 14,Female,3.76,Very Important,0,Front,0,0,10,No,No,0,No,No,Never cheated,600,550,64,125,300,None,No,Do not get high,No,Yes
Section 14,Female,2.7,Fairly Important,1,Front,12,12,15,No,Yes,3_4,Yes,Yes,No,500,450,64,150,400,None,Yes,1 to 2,Yes,Yes
Section 15,Female,4,Very Important,0,Middle,8,8,20,No,No,3_4,No,Yes,Yes,650,550,63,112,450,None,No,Do not get high,Yes,Yes
Section 15,Female,2.98,Fairly Important,0,Middle,12,12,20,No,No,7_8,Yes,No,Never cheated,590,570,62,130,200,None,Yes,1 to 2,Yes,Yes
Section 15,Female,3.81,Very Important,0,Middle,0,0,10,No,No,1_2,No,No,Never cheated,560,610,66,125,350,None,No,Do not get high,Yes,Yes
Section 15,Female,3.33,Fairly Important,0,Middle,1,8,15,No,No,3_4,No,No,Never cheated,570,490,64,180,300,None,No,Do not get high,Yes,Yes
Section 15,Male,3.72,Not Important,0,Front,3,4,10,No,No,7_8,No,No,Never cheated,700,640,70,150,325,None,Yes,Do not get high,Yes,Yes
Section 15,Male,3.72,Very Important,1,Back,6,4,18,No,Yes,7_8,No,No,Never cheated,660,660,69,145,550,None,Yes,1 to 2,No,Yes
Section 15,Female,3.94,Very Important,2,Back,10,10,3,No,No,7_8,No,No,Never cheated,620,600,68,150,300,None,No,Do not get high,Yes,Yes
Section 16,Female,3.48,Not Important,0,Middle,6,6,14,No,No,3_4,No,No,Never cheated,550,690,71,174,250,None,Yes,Do not get high,Yes,Yes
Section 16,Female,2.3,Fairly Important,0,Middle,2,2,12,No,No,3_4,No,No,Never cheated,560,580,63,114,150,None,No,Do not get high,Yes,Yes
Section 16,Male,3.03,Fairly Important,2,Back,4,5,5,No,No,3_4,No,No,Never cheated,690,690,74,140,250,None,No,Do not get high,Yes,Yes
Section 16,Male,3,Very Important,1,Middle,0,0,30,No,No,0,No,No,Never cheated,740,680,72,200,300,None,No,Do not get high,No,Yes
Section 16,Female,3.6,Not Important,0,Middle,2,3,15,No,No,3_4,No,No,Never cheated,540,570,63,145,250,None,No,Do not get high,Yes,Yes
Section 16,Male,3.4,Very Important,0,Middle,11,15,16,No,Yes,9 or more,Yes,No,Never cheated,580,570,71,168,400,None,Yes,Do not get high,No,Yes
Section 16,Male,3.77,Fairly Important,3,Back,8,8,14,Yes,Yes,3_4,Yes,Yes,No,,,57,240,500,Less than half a pack,Yes,Do not get high,Yes,Yes
Section 16,Female,3.25,Not Important,1,Front,8,8,10,Yes,No,3_4,No,Yes,Yes,500,600,60,140,450,Less than half a pack,Yes,Do not get high,Yes,Yes
Section 13,Male,3.12,Fairly Important,1,Front,0,0,20,No,No,0,No,No,Never cheated,560,330,64,150,250,None,No,Do not get high,No,Yes
Section 13,Female,3.5,Very Important,0,Front,3,0,30,No,No,0,No,No,Never cheated,800,650,63,105,370,None,No,Do not get high,No,Yes
Section 13,Male,2.98,Fairly Important,1,Middle,10,14,10,No,No,3_4,Yes,No,Never cheated,620,530,68,147,250,None,No,Do not get high,No,Yes
Section 13,Female,2.4,Fairly Important,1,Middle,8,8,10,No,Yes,3_4,Yes,No,Never cheated,560,560,62,115,300,None,Yes,1 to 2,Yes,Yes
Section 13,Female,3.89,Very Important,2,Middle,2,0,5,No,No,0,No,No,Never cheated,640,710,64,115,200,None,No,Do not get high,Yes,No
Section 13,Male,3.33,Not Important,0,Front,10,8,12,No,No,5_6,Yes,No,Never cheated,690,650,76,190,300,None,Yes,Do not get high,Yes,Yes
Section 14,Female,3.48,Very Important,1,Front,2,2,35,No,No,1_2,No,No,Never cheated,750,550,67,180,300,None,Yes,Do not get high,No,Yes
Section 14,Male,3.1,Not Important,0,Front,6,13,8,No,Yes,9 or more,Yes,Yes,No,640,430,69,132,250,None,Yes,Do not get high,Yes,Yes
Section 14,Male,3.36,Fairly Important,1,Middle,12,12,2,No,No,9 or more,Yes,No,Never cheated,540,520,67,155,400,None,No,Do not get high,No,Yes
Section 14,Female,3,Not Important,1,Middle,12,12,8,No,No,5_6,No,Yes,Yes,700,600,65,135,300,None,Yes,1 to 2,Yes,Yes
Section 14,Female,3.4,Very Important,0,Middle,8,8,10,No,Yes,7_8,No,No,Never cheated,490,520,64,120,250,None,Yes,1 to 2,No,No
Section 13,Male,3.13,Fairly Important,0,Front,4,0,30,No,No,0,Yes,No,Never cheated,570,490,58,210,400,None,No,Do not get high,Yes,Yes
Section 13,Female,3.2,Not Important,0,Middle,12,14,10,No,No,1_2,No,No,Never cheated,620,630,66,175,350,None,Yes,1 to 2,Yes,Yes
Section 13,Female,2.92,Fairly Important,0,Middle,8,16,15,No,No,5_6,No,No,Never cheated,450,500,75,125,300,None,Yes,Do not get high,Yes,Yes
Section 13,Male,4,Not Important,1,Front,0,5,25,No,No,9 or more,No,No,Never cheated,,,71,184,300,None,No,Do not get high,No,No
Section 13,Female,3.81,Fairly Important,0,Middle,10,12,10,No,Yes,5_6,No,No,Never cheated,510,680,78,135,500,None,Yes,1 to 2,Yes,Yes
Section 13,Male,3.57,Not Important,0,Middle,3,3,10,No,No,5_6,No,No,Never cheated,620,500,68,165,350,None,Yes,Do not get high,No,Yes
Section 13,Female,2.5,Not Important,4,Back,11,11,7,No,Yes,9 or more,Yes,No,Never cheated,630,530,68,135,450,None,Yes,Do not get high,Yes,Yes
Section 13,Female,2.91,Fairly Important,0,Middle,2,2,15,No,No,1_2,Yes,No,Never cheated,500,550,64,105,300,None,No,Do not get high,Yes,Yes
Section 13,Female,3.31,Fairly Important,0,Middle,10,1,30,No,No,1_2,No,No,Never cheated,500,490,67,150,400,None,No,Do not get high,Yes,Yes
Section 13,Female,3.63,Fairly Important,0,Middle,8,6,12,No,Yes,3_4,Yes,Yes,No,700,600,65,124,150,None,Yes,More than 8,Yes,Yes
Section 13,Male,3.54,Fairly Important,0,Middle,1,1,7,No,No,5_6,Yes,No,Never cheated,540,570,70,200,300,None,No,Do not get high,Yes,Yes
Section 13,Female,3.2,Not Important,0,Back,1,3,5,No,No,3_4,No,No,Never cheated,,,65,130,300,None,Yes,Do not get high,Yes,Yes
Section 13,Female,2.7,Very Important,0,Middle,2,1,8,No,No,0,No,No,Never cheated,650,550,68,160,300,None,No,Do not get high,No,No
Section 13,Female,2.92,Fairly Important,1,Middle,4,5,30,No,No,3_4,No,Yes,Yes,530,530,59,190,400,None,No,Do not get high,Yes,Yes
Section 13,Female,3.3,Very Important,0,Front,6,0,20,No,Yes,1_2,No,No,Never cheated,580,620,63,120,325,None,No,Do not get high,No,Yes
Section 13,Female,3.1,Very Important,0,Middle,6,6,18,No,No,3_4,No,No,Never cheated,560,550,68,142,395,None,No,Do not get high,Yes,No
Section 13,Female,2.5,Very Important,0,Middle,2,0,35,No,No,1_2,No,No,Never cheated,570,480,,,300,None,No,Do not get high,Yes,Yes
Section 14,Female,3.74,Very Important,0,Front,6,6,25,No,No,3_4,No,No,Never cheated,650,700,62,130,250,None,No,Do not get high,No,Yes
Section 14,Male,3.2,Not Important,2,Middle,7,20,17,No,Yes,9 or more,Yes,No,Never cheated,640,630,73,180,500,None,Yes,More than 8,Yes,Yes
Section 14,Female,3.16,Not Important,0,Middle,2,6,10,No,No,1_2,No,No,Never cheated,680,670,68,155,400,None,No,Do not get high,No,Yes
Section 13,Female,2.83,Not Important,0,Middle,0,1,5,No,Yes,1_2,Yes,Yes,No,450,500,63,190,350,None,Yes,Do not get high,Yes,Yes
Section 14,Male,3.88,Fairly Important,0,Middle,2,2,12,No,No,3_4,Yes,No,Never cheated,670,510,69,138,360,None,No,Do not get high,No,No
Section 14,Female,3.51,Not Important,0,Back,2,2,9,No,No,3_4,No,No,Never cheated,560,530,66,120,300,None,Yes,Do not get high,Yes,No
Section 14,Male,2.9,Fairly Important,1,Front,9,10,3,No,No,5_6,Yes,No,Never cheated,430,440,73,180,300,None,Yes,Do not get high,No,Yes
Section 14,Female,3.08,Very Important,0,Back,2,1,10,No,No,1_2,No,Yes,No,470,510,59,100,400,None,Yes,1 to 2,No,Yes
Section 14,Male,2.75,Not Important,0,Front,1,7,4,No,Yes,7_8,Yes,No,Never cheated,720,570,72,160,400,None,Yes,More than 8,No,Yes
Section 13,Female,3,Not Important,0,Back,4,4,10,No,No,3_4,No,No,Never cheated,600,650,69,145,600,None,No,Do not get high,Yes,Yes
Section 14,Female,0,Not Important,0,Middle,0,0,5,No,No,1_2,No,No,Never cheated,570,650,56,129,300,None,No,Do not get high,No,Yes
Section 14,Female,3.4,Fairly Important,0,Middle,4,4,25,No,No,1_2,No,No,Never cheated,500,540,59,110,200,None,No,Do not get high,Yes,Yes
Section 14,Male,3.06,Fairly Important,2,Back,12,15,8,No,Yes,5_6,Yes,No,Never cheated,660,620,72,180,400,None,No,Do not get high,No,Yes
Section 14,Male,3.92,Fairly Important,0,Front,0,0,27,No,No,0,No,No,Never cheated,730,800,66,145,530,None,No,Do not get high,No,Yes
Section 14,Male,3,Not Important,1,Middle,6,13,6,No,Yes,9 or more,Yes,Yes,No,420,420,75,267,350,None,Yes,Do not get high,No,Yes
Section 14,Female,3.27,Fairly Important,0,Front,0,0,50,No,No,0,No,No,Never cheated,450,550,61,120,500,None,No,Do not get high,No,No
Section 15,Female,3.78,Fairly Important,1,Middle,0,3,30,No,No,1_2,No,No,Never cheated,650,600,66,135,250,None,No,Do not get high,Yes,Yes
Section 15,Male,2.2,Very Important,2,Middle,8,20,6,No,No,5_6,Yes,No,Never cheated,520,650,72,195,320,None,Yes,Do not get high,No,Yes
Section 15,Female,2.97,Very Important,1,Middle,6,6,8,No,No,1_2,Yes,Yes,No,650,600,84,115,300,None,No,Do not get high,No,Yes
Section 15,Male,3.1,Not Important,0,Middle,15,14,15,No,No,9 or more,Yes,Yes,Yes,580,640,69,200,350,None,Yes,3 to 5,Yes,Yes
Section 15,Female,3.12,Very Important,0,Front,10,14,7,No,No,5_6,No,No,Never cheated,560,580,72,137,225,None,No,Do not get high,No,Yes
Section 15,Female,3.1,Not Important,0,Middle,12,12,12,No,Yes,3_4,Yes,Yes,No,530,600,62,125,400,None,Yes,Do not get high,Yes,Yes
Section 15,Male,3.04,Not Important,1,Back,17,10,7,Yes,No,5_6,Yes,No,Never cheated,540,600,70,165,300,Less than half a pack,Yes,1 to 2,No,Yes
Section 15,Male,2.6,Fairly Important,2,Back,15,15,2,No,Yes,9 or more,Yes,No,Never cheated,,,73,175,200,None,Yes,Do not get high,No,Yes
Section 15,Female,3.2,Fairly Important,2,Back,3,10,12,No,No,5_6,No,Yes,Yes,720,500,65,110,450,None,No,Do not get high,Yes,No
Section 15,Male,2.6,Fairly Important,2,Middle,8,8,8,Yes,Yes,7_8,Yes,Yes,Yes,550,500,72,180,300,Less than half a pack,Yes,1 to 2,Yes,Yes
Section 15,Female,3.27,Fairly Important,1,Middle,8,10,15,No,Yes,5_6,Yes,No,Never cheated,640,600,65,140,360,None,Yes,Do not get high,No,Yes
Section 15,Female,3.7,Fairly Important,0,Front,4,6,25,No,No,3_4,No,Yes,No,500,450,67,155,400,None,No,Do not get high,Yes,No
Section 15,Female,2.8,Not Important,1,Middle,12,8,18,No,No,5_6,Yes,No,Never cheated,580,600,64,160,400,None,Yes,1 to 2,Yes,No
Section 15,Male,2.8,Fairly Important,2,Middle,10,10,15,No,No,5_6,Yes,No,Never cheated,580,620,71,165,350,None,Yes,More than 8,Yes,Yes
Section 16,Female,3.46,Very Important,0,Middle,0,0,15,No,No,0,No,No,Never cheated,620,640,62,117,110,None,No,Do not get high,No,Yes
Section 16,Female,3.63,Not Important,0,Front,7,10,20,No,No,5_6,No,No,Never cheated,640,700,67,128,175,None,Yes,Do not get high,Yes,Yes
Section 16,Male,3.55,Very Important,0,Middle,8,8,10,No,No,5_6,No,Yes,Yes,630,650,73,195,335,None,Yes,Do not get high,Yes,Yes
Section 16,Male,3.08,Not Important,0,Middle,0,15,2,No,Yes,9 or more,Yes,Yes,Yes,590,590,75,190,415,None,Yes,Do not get high,No,Yes
Section 16,Male,3.05,Fairly Important,2,Back,2,8,2,No,Yes,3_4,Yes,Yes,Yes,600,500,67,122,354,None,Yes,1 to 2,Yes,Yes
Section 16,Male,3.2,Fairly Important,0,Middle,5,12,3,No,Yes,9 or more,No,No,Never cheated,550,630,69,160,300,None,Yes,Do not get high,No,Yes
Section 16,Male,2.43,Not Important,1,Middle,10,13,8,No,No,3_4,No,No,Never cheated,520,450,69,133,410,None,Yes,Do not get high,No,Yes
Section 16,Female,3.13,Not Important,0,Front,0,0,40,No,No,0,Yes,No,Never cheated,,,98,160,400,None,No,Do not get high,Yes,Yes
Section 16,Male,2.83,Not Important,2,Middle,15,11,10,No,Yes,5_6,Yes,No,Never cheated,780,540,75,190,350,None,Yes,Do not get high,No,Yes
Section 13,Male,3.02,Not Important,2,Front,0,2,3,No,Yes,1_2,Yes,No,Never cheated,400,400,81,290,300,None,No,Do not get high,Yes,Yes
Section 13,Male,2.9,Very Important,2,Middle,10,12,6,No,Yes,9 or more,Yes,No,Never cheated,500,580,70,150,100,None,Yes,1 to 2,No,Yes
Section 13,Female,3.59,Very Important,0,Front,2,0,20,No,No,0,No,No,Never cheated,640,440,67,150,500,None,No,Do not get high,Yes,Yes
Section 13,Female,3.57,Very Important,0,Back,4,0,10,No,No,0,No,No,Never cheated,700,700,68,170,400,None,No,Do not get high,No,No
Section 13,Male,3.4,Not Important,8,Middle,14,14,6,No,Yes,9 or more,Yes,Yes,No,600,630,74,180,500,None,Yes,3 to 5,No,Yes
Section 13,Male,3.83,Fairly Important,0,Middle,4,4,10,No,No,5_6,Yes,No,Never cheated,710,710,68,136,300,None,No,Do not get high,Yes,Yes
Section 13,Female,3.3,Not Important,0,Middle,3,6,15,No,No,3_4,No,No,Never cheated,600,590,69,135,300,None,No,Do not get high,Yes,Yes
Section 13,Female,2.73,Very Important,0,Back,1,0,50,No,No,0,No,No,Never cheated,790,460,67,165,600,None,No,Do not get high,No,No
Section 13,Female,3.45,Fairly Important,0,Middle,8,10,12,No,No,5_6,No,No,Never cheated,560,500,64,130,400,None,No,Do not get high,No,Yes
Section 13,Male,3.74,Fairly Important,0,Front,5,5,8,No,No,7_8,Yes,No,Never cheated,700,520,74,173,400,None,Yes,Do not get high,Yes,Yes
Section 13,Male,2.91,Fairly Important,0,Middle,8,9,10,No,No,9 or more,Yes,No,Never cheated,520,550,66,140,350,None,Yes,Do not get high,Yes,Yes
Section 14,Female,3.5,Fairly Important,0,Front,3,3,12,No,No,3_4,No,No,Never cheated,650,560,67,157,450,None,No,Do not get high,Yes,Yes
Section 14,Male,3.67,Very Important,0,Front,0,0,5,No,No,0,No,No,Never cheated,650,670,71,165,300,None,No,Do not get high,No,Yes
Section 14,Male,3.3,Fairly Important,1,Back,12,12,2,No,Yes,9 or more,Yes,No,Never cheated,610,590,72,160,200,None,Yes,Do not get high,Yes,Yes
Section 13,Female,2.84,Very Important,1,Middle,3,0,8,No,No,0,No,No,Never cheated,480,520,62,145,300,None,No,Do not get high,Yes,Yes
Section 14,Male,3.87,Fairly Important,4,Back,12,12,5,Yes,Yes,9 or more,Yes,No,Never cheated,780,580,70,175,350,Less than half a pack,Yes,Do not get high,Yes,Yes
Section 14,Male,3.73,Fairly Important,0,Middle,12,15,12,No,No,5_6,Yes,No,Never cheated,580,590,70,135,450,None,Yes,1 to 2,Yes,Yes
Section 14,Female,3.74,Very Important,0,Back,12,13,5,No,No,9 or more,No,No,Never cheated,680,600,68,145,430,None,No,Do not get high,Yes,Yes
Section 14,Male,3.3,Very Important,1,Middle,5,9,4,Yes,Yes,3_4,Yes,No,Never cheated,640,600,71,155,200,Less than half a pack,Yes,Do not get high,Yes,Yes
Section 14,Male,2.55,Very Important,5,Back,10,12,4,No,Yes,9 or more,Yes,No,No,600,590,68,175,350,None,Yes,3 to 5,No,No
Section 14,Female,3.53,Very Important,0,Middle,2,1,6,No,No,3_4,Yes,No,Never cheated,520,500,71,125,400,None,Yes,Do not get high,Yes,No
Section 14,Male,2.55,Very Important,2,Middle,15,20,3,Yes,Yes,9 or more,Yes,Yes,No,700,600,78,210,300,Half a pack to a full pack,Yes,6 to 8,No,Yes
Section 15,Female,3.83,Not Important,0,Middle,0,0,30,No,No,1_2,No,No,Never cheated,660,660,62,114,500,None,No,Do not get high,Yes,Yes
Section 15,Male,3.86,Fairly Important,1,Middle,4,15,6,No,No,3_4,Yes,No,Never cheated,720,500,73,155,350,None,No,Do not get high,Yes,Yes
Section 15,Female,3.5,Not Important,1,Middle,10,10,20,No,No,3_4,Yes,No,Never cheated,600,550,67,105,350,None,Yes,Do not get high,Yes,Yes
Section 15,Female,2.99,Fairly Important,2,Middle,12,15,7,No,Yes,7_8,No,No,Never cheated,640,460,68,140,200,None,Yes,Do not get high,Yes,No
Section 15,Female,2.98,Fairly Important,0,Middle,1,0,8,No,No,0,No,No,Never cheated,490,520,66,150,400,None,No,Do not get high,Yes,Yes
Section 15,Male,3.95,Not Important,0,Front,4,10,3,No,Yes,5_6,Yes,No,Never cheated,,,73,180,250,None,Yes,Do not get high,No,Yes
Section 15,Male,3.13,Fairly Important,0,Middle,4,5,6,No,Yes,3_4,No,No,Never cheated,600,600,72,165,300,None,Yes,Do not get high,No,Yes
Section 15,Female,2.9,Very Important,0,Front,10,2,20,No,No,1_2,No,No,Never cheated,480,580,66,189,500,None,Yes,1 to 2,No,No
Section 15,Female,3.62,Fairly Important,2,Middle,12,15,6,No,Yes,9 or more,No,No,Never cheated,780,660,61,115,350,None,Yes,Do not get high,No,No
Section 16,Female,2.79,Fairly Important,1,Middle,6,7,7,No,Yes,7_8,No,No,Never cheated,670,550,66,115,300,None,Yes,1 to 2,No,Yes
Section 16,Female,3,Very Important,0,Middle,1,1,45,No,No,1_2,No,No,Never cheated,580,600,68,120,225,None,Yes,Do not get high,No,Yes
Section 16,Female,2.57,Not Important,3,Back,4,4,3,Yes,No,9 or more,Yes,No,Never cheated,560,520,106,170,300,Half a pack to a full pack,Yes,3 to 5,Yes,Yes
Section 16,Female,3,Fairly Important,0,Middle,6,0,15,No,No,0,No,No,Never cheated,580,480,58,170,300,None,No,Do not get high,No,Yes
Section 16,Female,3.92,Fairly Important,0,Middle,10,0,25,No,No,0,No,No,Never cheated,,,73,118,300,None,No,Do not get high,Yes,Yes
Section 16,Female,2.13,Fairly Important,2,Back,6,6,20,No,No,5_6,No,Yes,Yes,500,500,64,126,300,None,Yes,1 to 2,Yes,Yes
Section 16,Male,3.46,Fairly Important,7,Middle,15,15,30,No,No,7_8,Yes,No,Never cheated,640,600,71,175,550,None,No,Do not get high,Yes,Yes
Section 16,Male,2.5,Not Important,1,Back,4,4,20,No,Yes,5_6,Yes,Yes,No,570,540,68,170,400,None,Yes,Do not get high,No,Yes
Section 16,Female,3.41,Not Important,0,Middle,12,10,14,No,Yes,7_8,Yes,No,Never cheated,480,560,64,128,200,None,Yes,1 to 2,Yes,Yes
Section 16,Female,3.8,Not Important,1,Middle,10,15,10,No,No,5_6,No,No,Never cheated,600,700,63,130,350,None,No,Do not get high,Yes,Yes
Section 16,Female,2.61,Fairly Important,0,Middle,6,8,18,No,No,3_4,No,No,Never cheated,450,600,67,125,300,None,No,Do not get high,Yes,Yes
Section 15,Female,3.77,Very Important,0,Middle,12,13,16,No,No,5_6,No,Yes,No,620,640,68,140,420,None,Yes,Do not get high,Yes,No
Section 15,Male,3.21,Very Important,1,Middle,0,1,7,No,No,5_6,No,No,Never cheated,650,590,68,155,500,None,No,Do not get high,No,Yes
Section 15,Female,3.21,Not Important,1,Front,11,15,4,Yes,Yes,9 or more,Yes,No,Never cheated,760,660,67,175,520,None,Yes,1 to 2,Yes,Yes
Section 15,Female,3.6,Fairly Important,0,Middle,10,10,20,No,No,5_6,No,No,Never cheated,460,540,62,105,450,None,No,Do not get high,Yes,Yes
Section 15,Female,3.1,Not Important,1,Middle,6,6,15,No,No,1_2,Yes,No,Never cheated,500,610,67,160,400,None,Yes,Do not get high,Yes,Yes
Section 15,Female,3.77,Fairly Important,0,Middle,5,8,12,No,Yes,5_6,No,Yes,Yes,650,630,65,105,380,None,No,Do not get high,Yes,Yes
Section 16,Female,3.8,Fairly Important,0,Front,3,3,15,No,No,1_2,Yes,No,Never cheated,550,550,65,130,300,None,Yes,Do not get high,Yes,Yes
Section 16,Male,3.53,Fairly Important,0,Middle,1,1,6,No,No,1_2,No,No,Never cheated,620,630,69,135,410,None,No,Do not get high,No,Yes
Section 16,Female,3.7,Very Important,0,Front,5,1,15,No,No,1_2,No,Yes,Yes,640,670,63,112,200,None,No,Do not get high,No,Yes
Section 16,Female,3.78,Very Important,0,Middle,10,7,25,No,Yes,5_6,Yes,Yes,Yes,550,400,72,115,400,Less than half a pack,Yes,1 to 2,No,Yes
Section 16,Male,3.14,Fairly Important,1,Middle,12,15,4,No,No,9 or more,Yes,No,Never cheated,580,580,72,190,400,None,Yes,Do not get high,Yes,Yes
Section 16,Male,2.75,Not Important,0,Middle,5,6,15,No,Yes,1_2,Yes,Yes,Yes,660,590,70,165,450,None,Yes,1 to 2,Yes,Yes
Section 16,Male,3,Not Important,0,Middle,8,8,14,No,No,7_8,No,No,Never cheated,650,570,72,170,300,None,No,Do not get high,No,Yes
Section 16,Male,3.35,Fairly Important,1,Middle,1,1,5,No,No,3_4,Yes,No,Never cheated,570,480,75,230,320,None,No,Do not get high,No,No
Section 16,Male,2.5,Very Important,1,Middle,10,7,15,No,Yes,7_8,No,No,Never cheated,425,,72,157,300,None,Yes,Do not get high,No,No
Section 13,Female,4,Not Important,1,Front,6,6,18,No,No,1_2,No,No,Never cheated,590,500,64,98,400,None,Yes,Do not get high,Yes,Yes
Section 13,Female,3.33,Very Important,0,Front,4,4,15,No,No,1_2,No,No,Never cheated,650,630,65,150,300,None,No,Do not get high,Yes,Yes
Section 13,Female,1.67,Very Important,4,Middle,6,0,6,No,No,1_2,No,No,Never cheated,680,600,65,200,300,None,No,Do not get high,No,No
Section 13,Male,3.21,Very Important,1,Front,0,0,10,No,No,0,No,No,No,620,400,71,154,100,Less than half a pack,No,Do not get high,No,No
Section 15,Female,3.71,Fairly Important,0,Middle,7,6,12,No,Yes,3_4,No,Yes,Yes,540,560,62,135,400,None,Yes,Do not get high,Yes,Yes
Section 16,Female,3.01,Fairly Important,3,Middle,3,4,28,No,Yes,3_4,No,No,Never cheated,630,590,60,115,300,None,No,Do not get high,Yes,Yes
Section 13,Male,3.19,Very Important,3,Middle,2,3,10,No,No,5_6,No,No,Never cheated,480,480,69,215,350,None,No,Do not get high,No,Yes
Section 14,Male,3.42,Fairly Important,0,Middle,10,12,15,Yes,Yes,9 or more,Yes,Yes,No,590,610,69,160,320,Less than half a pack,Yes,1 to 2,No,Yes
Section 13,Male,3.24,Fairly Important,2,Back,3,28,4,No,Yes,5_6,Yes,No,Never cheated,510,680,67,170,600,None,Yes,1 to 2,Yes,Yes
Section 14,Male,2.98,Not Important,1,Back,1,5,4,No,Yes,7_8,Yes,Yes,Yes,,,71,155,300,None,Yes,Do not get high,Yes,Yes
Section 15,Male,2.45,Fairly Important,1,Back,4,12,7,No,Yes,7_8,Yes,No,Never cheated,650,630,60,170,400,None,Yes,1 to 2,Yes,Yes
Section 14,Female,2.8,Not Important,2,Middle,12,18,8,No,Yes,5_6,Yes,Yes,No,640,630,75,148,250,None,Yes,1 to 2,Yes,Yes
Section 16,Male,3.78,Very Important,1,Middle,3,2,7,No,No,5_6,Yes,No,Never cheated,630,520,69,151,200,None,No,Do not get high,No,Yes